team,coach_name,nationality,age_at_wc2026,coach_since,wc_appearances_as_coach,wc_best_finish_as_coach,previous_wc_teams_coached,club_coaching_background,coaching_style,notable_achievement,contract_until,notes
France,Didier Deschamps,French,57,2012,4,Winner (2018),France only,Tactical flexibility,2018 WC + UEFA Nations League 2021,2026,Record 4th WC as France coach; won it in 2018; cautious but effective
Spain,Luis de la Fuente,Spanish,63,2022,1,Winner (2024 Euros),Spain U21 only,Positional play / tiki-taka evolved,2024 UEFA Euros Winner,2026,Won 2024 Euros in first major tournament; inherited Yamal/Pedri generation
Argentina,Lionel Scaloni,Argentine,46,2018,2,Winner (2022),Argentina only,Compact defensive block + counter,2021 Copa América + 2022 WC,2026,Youngest WC-winning coach; transformed Argentina's defensive identity
England,Gareth Southgate,English,55,2016,3,Fourth place (2018/2022),England only,Organized defensive structure,3 consecutive semi-finals or better,2026,Grew England from perennial bottlers; unlucky not to win; consistent
Portugal,Roberto Martínez,Spanish,50,2022,1,Quarter-finals (2022 as Belgium),Belgium (2018/2022),Attacking fluid system,Belgium 2018 third place; Portugal Euro 2024 QF,2026,Navigated Ronaldo transition; Félix/Fernandes era now
Brazil,Dorival Júnior,Brazilian,62,2024,1,First WC,None,Vertical attacking football,Brazilian Serie A success with Flamengo,2026,Replaced Fernando Diniz in 2024; stabilized chaotic post-Tite era
Netherlands,Ronald Koeman,Dutch,63,2023,2,Quarter-finals (2022),Netherlands (2022),4-3-3 attacking Dutch style,Euro 2020 runner-up (as player more famous),2026,Second stint; 2022 QF exit; Van Dijk era peaking under him
Morocco,Walid Regragui,Moroccan-French,49,2022,1,Semi-finals (2022),Morocco only,Compact block + rapid transitions,2022 WC semi-final historic run,2026,Masterminded Africa's greatest WC run; tactical genius; feared
Belgium,Domenico Tedesco,Italian-German,38,2023,1,First WC with Belgium,Germany (U21),Vertical high-pressing,De Bruyne revived under him,2026,Youngest coach in tournament; energized aging squad
Germany,Julian Nagelsmann,German,38,2023,1,First WC,Bayern Munich; RB Leipzig,Gegenpressing / high intensity,Bundesliga success with Leipzig and Bayern,2026,Rehired after surprise sacking at Bayern; Musiala/Wirtz thrive
Croatia,Zlatko Dalić,Croatian,58,2017,2,Runner-up (2018); Third (2022),Croatia only,Organized pragmatic football,2018 runner-up + 2022 third place,2026,Built on Modrić's legacy; tactical masterclass at 2 WCs
Colombia,Néstor Lorenzo,Argentine,58,2022,1,First WC,Colombia only,High press + positional play,Won CONMEBOL qualifiers — first time Colombia finished first,2026,Former Bielsa assistant; transformed Colombia's qualifying dominance
Senegal,Aliou Cissé,Senegalese,50,2015,3,Quarter-finals (2022),Senegal only,Organized defensive structure + set pieces,2021 AFCON winner + 2022 WC QF,2026,Longest-serving active WC coach for same nation; legendary status in Senegal
Mexico,Javier Aguirre,Mexican,65,2023,4,Quarter-finals (2002/2010 as Mexico),Mexico; Japan; Egypt; Spain,Pragmatic defensive organization,Multiple WC QF with Mexico,2026,4th stint as Mexico coach; vast WC experience; hosts deserve his nous
United States,Mauricio Pochettino,Argentine,54,2024,1,First WC,PSG; Tottenham; Chelsea,Gegenpressing / attacking build-up,Champions League final 2019 with Tottenham,2026,Appointed 2024; transformed USMNT identity; massive appointment
Uruguay,Marcelo Bielsa,Argentine,68,2023,1,First WC with Uruguay,Argentina; Chile; Athletic Bilbao; Leeds,Intense high-pressing / man-marking,Transformed Leeds; inspired a generation of coaches,2026,El Loco's obsessive preparation; Valverde thrives in his system
Japan,Hajime Moriyasu,Japanese,52,2017,2,Round of 16 (2022),Japan only,Organized counter-pressing,2022 WC knockouts; 2023 Asian Cup runners-up,2026,Underrated; first Japan coach to win a WC knockout match
Switzerland,Murat Yakin,Swiss,50,2021,1,Round of 16 (2022),Switzerland only,Defensive solidity,2022 WC R16 vs Portugal (won 1-0),2026,Xhaka relationship key; always organize Switzerland to over-perform
Iran,Amir Ghalenoei,Iranian,56,2023,1,First WC,Iran only,Defensive discipline,AFC qualifying dominant,2026,Replaced Carlos Queiroz era; solid but conservative
Türkiye,Vincenzo Montella,Italian,51,2023,1,First WC,AC Milan; Fiorentina; Italy U20,Attacking organized football,Revitalized Turkey post-Euro 2024 semi-final,2026,Euro 2024 semi-finalists; Güler and Çalhanoğlu thrive under him
Ecuador,Sebastián Beccacece,Argentine,44,2024,1,First WC,Racing Club Argentina,High-intensity pressing,Won Argentine Primera División with Racing,2026,Replaced Félix Sánchez; young and energetic; Caicedo loves the system
Austria,Ralf Rangnick,German,67,2022,1,First WC,RB Leipzig; Man United; Austria,Gegenpressing pioneer,Invented modern pressing football blueprint,2026,The godfather of gegenpressing; Austria will be tactically elite
South Korea,Hong Myung-bo,South Korean,55,2024,2,Semi-finals (2002 as player),South Korea only,Organized block + counter,2002 WC hero as player; returned to manage,2026,Pressure of a nation; Son's last WC; emotional tournament
Australia,Tony Popovic,Australian,52,2024,1,First WC,Australia; Western Sydney,Compact organized defending,A-League success,2026,Replaced Graham Arnold; new era but similar Socceroos DNA
Canada,Jesse Marsch,American,51,2023,1,First WC,RB Leipzig; Leeds United,Gegenpressing / high energy,Transformed Canada qualifying mentality,2026,Davies/David system built around pressing; exciting football
Norway,Ståle Solbakken,Norwegian,56,2021,1,First WC,Wolves; FC Copenhagen,Structured counter-attacking,Qualified Norway after 28-year absence,2026,Made Haaland the WC centrepiece of the system; tactical solidity
Egypt,Hossam Hassan,Egyptian,60,2024,1,First WC,Egypt only,Defensive block + Salah freedom,All-time Egypt goals record as player,2026,Salah's last WC; gives Mo total freedom; team built around him
Algeria,Pepe Méndez,Spanish,52,2023,1,First WC,Algeria only,Positional play,CAF qualifying dominant,2026,Mahrez/Aouar/Zerrouki system;  balanced approach
Sweden,Jon Dahl Tomasson,Danish,48,2022,1,First WC as head coach,Sweden; Blackburn,Vertical direct football,Isak/Kulusevski built around direct play,2026,Former 2002 WC golden boot player; Isak is his weapon
Paraguay,Gustavo Alfaro,Argentine,62,2023,1,First WC with Paraguay,Argentina; Ecuador; Costa Rica,Pragmatic defensive block,CONMEBOL experience across 3 nations,2026,Almirón system; always competitive tactically
Ivory Coast,Emerse Faé,French-Ivorian,42,2024,1,First WC,Ivory Coast U21 only,Attacking direct,2023 AFCON winner (shock),2026,Won AFCON as caretaker; youngest WC coach; Haller/Zaha attack
Czechia,Ivan Hasek,Czech,63,2024,1,First WC,Czech Republic only,Organized European style,UEFA playoff survivor,2026,Schick system; steady hand; aims for R16
Scotland,Steve Clarke,Scottish,61,2019,1,First WC,Scotland only,Organized deep block,Qualified Scotland after 28-year wait,2026,National hero for ending the absence; Robertson/McTominay excel
Tunisia,Faouzi Benzarti,Tunisian,73,2024,1,First WC,Tunisia multiple stints,Defensive discipline,CAF qualifying winner,2026,Veteran Tunisian; 6 WCs for the nation but yet to pass groups
Saudi Arabia,Hervé Renard,French,55,2021,4,Round of 16 (1994 Saudi Arabia; 2022 upset),Zambia; Morocco; Saudi Arabia; Ivory Coast,Motivational high-pressing,2022 Argentina upset; 2012/2013 AFCON,2026,Iconic WC coach; beat Argentina in 2022; can he do it again
DR Congo,Sebastian Desabre,French,45,2022,1,First WC,DR Congo only,Direct attacking football,CAF qualifying strong run,2026,Mbemba/Kakuta system; emotional for Congolese football
Cape Verde,Pedro Leitão Brito (Bubista),Cape Verdean,59,2019,1,First WC,Cape Verde only,Organized compact block,AFCON quarter-finalist 2021,2026,National legend; built Cape Verde into genuine African force
Bosnia-Herzegovina,Sergej Barbarez,Bosnian,52,2023,1,First WC as coach,Bosnia only,Attack-minded direct football,Former Bundesliga player; stunned Italy in playoff,2026,Džeko's last WC; emotional qualification
Qatar,Marquez López,Spanish,47,2023,1,First WC as Qatar coach,Qatar; various,Positional play / build-up,Asia Cup holders,2026,Replaced Félix Sánchez; first WC as qualifiers not hosts
Uzbekistan,Srecko Katanec,Slovenian,62,2022,1,First WC,Slovenia; various,Organized European system,First WC qualification for Central Asia,2026,Historic achievement; Shomurodov-led system
Jordan,Hussain Ammouta,Moroccan,55,2023,1,First WC,Jordan; various,Compact defensive block,2023 Asian Cup finalists,2026,Moroccan influence felt; defensive organization like his homeland
Iraq,Jesus Casas,Spanish,52,2023,1,First WC,Iraq only,Organized pragmatic block,Inter-conf playoff hero,2026,40-year wait; manages impossible expectations calmly
Ghana,Otto Addo,German-Ghanaian,49,2024,2,Quarter-finals (2010 as player),Ghana; Borussia Dortmund assistant,Gegenpressing / transition,Kudus system; energized rebuild,2026,Second stint; knows Kudus from Dortmund; R16 target
New Zealand,Darren Bazeley,English,54,2024,1,First WC,New Zealand; various,Organized pragmatic,OFC qualifying winners,2026,First WC; enormous achievement for New Zealand football
South Africa,Hugo Broos,Belgian,72,2021,1,First WC with South Africa,Cameroon; Tunisia; Belgium,Organized block,Navigated CAF qualifying group,2026,Veteran European coach; steady hand for emotional homecoming
Haiti,Marc Collat,French,54,2023,1,First WC,Haiti; various,Organized disciplined,CONCACAF qualifying survivor,2026,52-year wait; just qualifying was the goal and target achieved
Panama,Thomas Christiansen,Danish-Spanish,52,2023,1,First WC,Panama; various,Compact defending,2018 debut builder culture,2026,Physical team; group stage survival target
Curaçao,Patrick Kluivert,Dutch,48,2023,1,First WC,Curaçao; various,Attacking Dutch philosophy,Former Barcelona/Ajax legend as player,2026,Son of legend Patrick; made history with 156k island nation
